audio,transcript,duration_s
clips/chunk_0000.mp3,managers are people,1.9
clips/chunk_0001.mp3,responsible for supervising the use,2.9
clips/chunk_0002.mp3,of an organizational resources,2.3
clips/chunk_0003.mp3,resources to meet,1.4
clips/chunk_0004.mp3,it's goal,0.7
clips/chunk_0005.mp3,and zane,0.4
clips/chunk_0006.mp3,فام,0.5
clips/chunk_0007.mp3,شنو هو التعريف؟ يقولّك ها مننا,2.3
clips/chunk_0008.mp3,ال manager هو شخص okay,2.1
clips/chunk_0009.mp3,بيشرف لي على شنو؟ بيشرف לי على الموارد أو خلنا نحط مني,4.0
clips/chunk_0010.mp3,هنشرح عليه الرسمك,1.5
clips/chunk_0011.mp3,المدير هو,1.5
clips/chunk_0012.mp3,شخص,0.7
clips/chunk_0013.mp3,شخص بيشرف لي على هذه الموارد اللي توني شرحناهم,3.8
clips/chunk_0014.mp3,okay,0.5
clips/chunk_0015.mp3,بيشرف لي على ال physical,1.6
clips/chunk_0016.mp3,على ال human,1.0
clips/chunk_0017.mp3,و ال financial وال information,1.9
clips/chunk_0018.mp3,عشان الموضوع شنو ما يصر سبح للا,2.4
clips/chunk_0019.mp3,وما يصير في عد نشنو,1.7
clips/chunk_0020.mp3,مثلًا,0.8
clips/chunk_0021.mp3,misuse إلى ال information,1.9
clips/chunk_0022.mp3,عشان اتأكد ان,1.9
clips/chunk_0023.mp3,كل واحد قاعد يشتغل صح لازم يكون فيه فوقهم مدير يشرف عليهم,4.8
clips/chunk_0024.mp3,صح ولا لا؟,0.8
clips/chunk_0025.mp3,فال managers,1.0
clips/chunk_0026.mp3,are the people,1.2
clips/chunk_0027.mp3,responsible for what supervising,2.5
clips/chunk_0028.mp3,المسؤولين,0.8
clips/chunk_0029.mp3,أو اللي,0.8
clips/chunk_0030.mp3,المديرين هم الأشخاص,1.4
clips/chunk_0031.mp3,المسؤولية عن شنو؟ عن الاشراف,2.3
clips/chunk_0032.mp3,بيشرفون على ال human,2.0
clips/chunk_0033.mp3,وبيشرفون على,1.2
clips/chunk_0034.mp3,الفلوس,0.9
clips/chunk_0035.mp3,بيشرفون على ال information,1.8
clips/chunk_0036.mp3,وبيشرفون بعد حتى على الأشياء ال physical,2.8
clips/chunk_0037.mp3,عشان محد,1.0
clips/chunk_0038.mp3,والله يخرب ال computer,1.8
clips/chunk_0039.mp3,أو اخرب الأشياء ال physical اللي عدنا,2.8
clips/chunk_0040.mp3,ال machine,0.9
clips/chunk_0041.mp3,okay,0.6
clips/chunk_0042.mp3,فلازم يكون فيه مدير,1.6
clips/chunk_0043.mp3,يشرف على هذه الأشياء,1.5
clips/chunk_0044.mp3,نزين؟,0.6
clips/chunk_0045.mp3,الحين ننتقل,1.4
clips/chunk_0046.mp3,خنشوف أول هذا التعريف,2.0
clips/chunk_0047.mp3,قلّكم هنا,1.1
clips/chunk_0048.mp3,ال management,1.1
clips/chunk_0049.mp3,نزيين الادارة,1.4
clips/chunk_0050.mp3,من زين؟,0.6
clips/chunk_0051.mp3,هي شنو؟,0.9
clips/chunk_0052.mp3,management includes,1.7
clips/chunk_0053.mp3,"the planning, organizing, leading and controlling",4.0
clips/chunk_0054.mp3,of human and other resources to achieve organizational goals,4.8
clips/chunk_0055.mp3,effectively,1.1
clips/chunk_0056.mp3,and,0.5
clips/chunk_0057.mp3,efficiently,0.8
clips/chunk_0058.mp3,and zine,0.5
clips/chunk_0059.mp3,فا,0.5
clips/chunk_0060.mp3,هذا الشخص,1.0
clips/chunk_0061.mp3,and zayn,0.6
clips/chunk_0062.mp3,لازم,0.7
clips/chunk_0063.mp3,يشرف على هذه الموارد,1.9
clips/chunk_0064.mp3,ولازم,0.9
clips/chunk_0065.mp3,شنو؟,0.5
clips/chunk_0066.mp3,يتبع هذه الخطوات أو هاي ال task,3.1
clips/chunk_0067.mp3,أو هذه المهمات، انزين؟,2.0
clips/chunk_0068.mp3,عشان يحقق في النهاية شنو أهداف المنظمة,3.3
clips/chunk_0069.mp3,okay,0.6
clips/chunk_0070.mp3,في المدير,0.9
clips/chunk_0071.mp3,و,0.5
clips/chunk_0072.mp3,الشخص يبي يحقق الأهداف,1.8
clips/chunk_0073.mp3,زين شلون بيحقق الأهداف؟,1.7
clips/chunk_0074.mp3,لازم يشرف على هذه الموارد,2.1
clips/chunk_0075.mp3,okay,0.6
clips/chunk_0076.mp3,ولازم شنو؟,1.1
clips/chunk_0077.mp3,يمشي على هذه ال task,2.2
clips/chunk_0078.mp3,أو هذه المهمات,1.5
clips/chunk_0079.mp3,الاربع عشان في النهاية احقق,2.7
clips/chunk_0080.mp3,أهداف المنظمة,1.1
clips/chunk_0081.mp3,okay,0.5
clips/chunk_0082.mp3,ch,0.2
clips/chunk_0083.mp3,فالحين بنشرح,1.3
clips/chunk_0084.mp3,هذه ال management task,1.9
clips/chunk_0085.mp3,أو ال management function نسميهم خلّك تبلكهم,2.9
clips/chunk_0086.mp3,مان جنان,0.9
clips/chunk_0087.mp3,task,0.8
clips/chunk_0088.mp3,أو,0.6
clips/chunk_0089.mp3,function,0.6
clips/chunk_0090.mp3,فلاجاكم السؤال شنو هما ال management؟,2.7
clips/chunk_0091.mp3,task,0.6
clips/chunk_0092.mp3,أو ال management function شن تكتبون ليهم؟,2.6
clips/chunk_0093.mp3,كتبوا لهم هاي الأربع,1.3
clips/chunk_0094.mp3,planning,0.6
clips/chunk_0095.mp3,"organizing, leading and controlling",2.4
clips/chunk_0096.mp3,لوجاكم سؤال,1.1
clips/chunk_0097.mp3,قال عليكم شنو هي ال organizational resources؟,4.0
clips/chunk_0098.mp3,تكتبون ليهم دلين,1.2
clips/chunk_0099.mp3,ال physical وال human وال financial وال information,3.1
clips/chunk_0100.mp3,ففرقوا بينهم,1.0
clips/chunk_0101.mp3,هذه ال management task,1.5
clips/chunk_0102.mp3,هي المهام الإدارية اللي لازم المدير,2.9
clips/chunk_0103.mp3,يتبعها,1.0
clips/chunk_0104.mp3,عشان في النهاية وصلنا للهدف,2.5
clips/chunk_0105.mp3,أو أهداف المنظمة,1.2
clips/chunk_0106.mp3,عشان يحقق في النغوية أهداف المنظمة,2.2
clips/chunk_0107.mp3,لكن,0.8
clips/chunk_0108.mp3,هذه الأشياء اللي لازم,1.6
clips/chunk_0109.mp3,يشرف عليها وهذه تعتبر موارج,2.9
clips/chunk_0110.mp3,okay,0.5
clips/chunk_0111.mp3,ففرقوا بينهم,1.0
clips/chunk_0112.mp3,الحين بنجليهم نشرحهم واحدة وحدة,2.4
clips/chunk_0113.mp3,o?,0.5
clips/chunk_0114.mp3,بين أعرف خطواتهم,1.1
clips/chunk_0115.mp3,نزين، فالحين نجيء على,2.3
clips/chunk_0116.mp3,أول,0.8
clips/chunk_0117.mp3,مهمّة,0.8
clips/chunk_0118.mp3,من المهام الإدارية وهي شنو؟,2.2
clips/chunk_0119.mp3,ال planning,0.7
clips/chunk_0120.mp3,انسين,0.6
clips/chunk_0121.mp3,انجي الى التخطيط,1.3
clips/chunk_0122.mp3,زين حيني نفاتحة شركة وكل شي,2.9
clips/chunk_0123.mp3,تخيل إن أنا,1.0
clips/chunk_0124.mp3,افتح شركة وما عندي هجف,1.8
clips/chunk_0125.mp3,يعني,0.8
clips/chunk_0126.mp3,ما يصير إن أنا أفتح جذي على عماي,2.3
clips/chunk_0127.mp3,لازم,0.7
clips/chunk_0128.mp3,يكون في عندي هدف شنو الهدف من؟,2.2
clips/chunk_0129.mp3,من هذه المنظمة,1.2
clips/chunk_0130.mp3,نزين؟,0.6
clips/chunk_0131.mp3,ففمرحلة التخطيط احنا شنو؟,2.6
clips/chunk_0132.mp3,بنسوّي determining goals okay,2.7
clips/chunk_0133.mp3,أو إن احنا بنختار choose,2.2
clips/chunk_0134.mp3,the appropriate goals okay,2.1
clips/chunk_0135.mp3,ف-determining goals and the appropriate courses of actions,4.5
clips/chunk_0136.mp3,to achieve them,0.9
clips/chunk_0137.mp3,ان زين؟,0.5
clips/chunk_0138.mp3,فالتخطيط هو عبارة عن إن أنا,2.9
clips/chunk_0139.mp3,بختار الهدف المناسب,1.7
clips/chunk_0140.mp3,okay,0.6
clips/chunk_0141.mp3,أو بختار الخطوات,1.7
clips/chunk_0142.mp3,أو القرارات,1.2
clips/chunk_0143.mp3,المناسبة اللي بتخلّينا أوصل حق هاي الهدف ال courses of actions,4.6
clips/chunk_0144.mp3,هي الخطوات اللي بتخليني أوصل حق هذا الهدف,3.0
clips/chunk_0145.mp3,نزين؟,0.6
clips/chunk_0146.mp3,ففي خطوة ال planning لازم اسأل روحي هذه الثلاث أسئلة,3.9
clips/chunk_0147.mp3,عشان,0.7
clips/chunk_0148.mp3,أخطط صح,1.1
clips/chunk_0149.mp3,okay,0.6
clips/chunk_0150.mp3,فاني مثلًا,1.1
clips/chunk_0151.mp3,هدفي من المنظمة,2.0
clips/chunk_0152.mp3,إن أنا,0.8
clips/chunk_0153.mp3,في النهاية,0.9
clips/chunk_0154.mp3,احقق أو نهاية السنة أحقق one million,3.2
clips/chunk_0155.mp3,okay,0.6
clips/chunk_0156.mp3,فانا جاوبت على هذا السؤال,2.0
clips/chunk_0157.mp3,what do we want?,1.0
clips/chunk_0158.mp3,to reach,0.6
clips/chunk_0159.mp3,أنا في النهاية,1.1
clips/chunk_0160.mp3,أو نهاية السنة,1.3
clips/chunk_0161.mp3,أب أوصل إلى one million، هذا الهدف مالي,2.9
clips/chunk_0162.mp3,و هذا اللي أبي أوصل إليه,1.5
clips/chunk_0163.mp3,and zin,0.6
clips/chunk_0164.mp3,أجي أسأل روحي بعد,1.4
clips/chunk_0165.mp3,what are the required resources?,2.5
clips/chunk_0166.mp3,شنو احيي الموارد المطلوبة؟,2.2
clips/chunk_0167.mp3,دلين الموارد,1.2
clips/chunk_0168.mp3,انزين,0.6
clips/chunk_0169.mp3,uhm,0.7
clips/chunk_0170.mp3,فشن الموارد المطلوبة مني؟,2.0
clips/chunk_0171.mp3,يعني,0.6
clips/chunk_0172.mp3,أنا عشان,0.9
clips/chunk_0173.mp3,أحقق في النهاية one million,1.9
clips/chunk_0174.mp3,مثلًا بحتاج إلى,1.8
clips/chunk_0175.mp3,financial أكثر,1.2
clips/chunk_0176.mp3,فاحتاج,0.6
clips/chunk_0177.mp3,هي لفلوس أكثر عشان أوظف ناس أكتر,3.0
clips/chunk_0178.mp3,عشان أجيب أشياء physical أكتر,2.5
clips/chunk_0179.mp3,مثلًا أحتاج إن أجيب,1.6
clips/chunk_0180.mp3,machines احتاج ان انا اجيب computers,2.6
clips/chunk_0181.mp3,ان زين احتاج اجيب ناس ازياد تشتغل على هذه ال machines اللي باجيبها,5.4
clips/chunk_0182.mp3,فأكيد بحتاج فلوس أزياد,1.7
clips/chunk_0183.mp3,وأكيد هالناس اللي بيجيبهم عندهم information أزياد,2.9
clips/chunk_0184.mp3,نزين؟,0.6
clips/chunk_0185.mp3,فلازم أجاب على هذا السؤال,2.2
clips/chunk_0186.mp3,إن شنو؟,1.0
clips/chunk_0187.mp3,الموارد اللي بحتاجها,2.2
clips/chunk_0188.mp3,okay,0.6
clips/chunk_0189.mp3,how,0.5
clips/chunk_0190.mp3,how,0.7
clips/chunk_0191.mp3,تحول و,1.2
clips/chunk_0192.mp3,we reach it، دي اتش هالسؤال دي,2.6
clips/chunk_0193.mp3,in,0.3
clips/chunk_0194.mp3,كيف سنصل اليه؟ انزين,1.8
clips/chunk_0195.mp3,فشلون احنا؟,1.7
clips/chunk_0196.mp3,بنوصل إلى هذا الهدف,1.6
clips/chunk_0197.mp3,ان زين؟,0.6
clips/chunk_0198.mp3,مثلًا,1.4
clips/chunk_0199.mp3,إن,0.9
clips/chunk_0200.mp3,أحتاج,0.8
clips/chunk_0201.mp3,أسوّي marketing أزياد,2.2
clips/chunk_0202.mp3,فهب,0.7
clips/chunk_0203.mp3,أروح إلى قسم ال marketing وأقوليهم يلا سوقوه عشان الناس تعرفنا أكثر,5.1
clips/chunk_0204.mp3,فهوية الطريقة يعني فبتحتاجون أكيد إلى ال financial إلى ال human,4.8
clips/chunk_0205.mp3,ال physical,0.8
clips/chunk_0206.mp3,جذي فاحنا لازم نجاوب على هذه الأسئلة,2.7
clips/chunk_0207.mp3,انزين,0.6
clips/chunk_0208.mp3,فالحين,0.7
clips/chunk_0209.mp3,يقولك هم,0.9
clips/chunk_0210.mp3,بيطلع عليه النشي اسمه,1.6
clips/chunk_0211.mp3,ستراتيجية,1.1
clips/chunk_0212.mp3,زين؟ وش هي الاستراتيجية؟,2.1
clips/chunk_0213.mp3,أو ال strategy,1.0
clips/chunk_0214.mp3,the outcomes of planning is a strategy,3.0
clips/chunk_0215.mp3,فع,0.3
clips/chunk_0216.mp3,حين عقبين ما جابت على هالأسئلة وخط,3.5
clips/chunk_0217.mp3,اخترت الهدف,1.8
clips/chunk_0218.mp3,بتطلع لي شيء اسميه strategy,3.3
clips/chunk_0219.mp3,عقبها التخطيط اللي سويتها,1.8
clips/chunk_0220.mp3,هي ال ..,1.1
clips/chunk_0221.mp3,خطة اللي سويتها,1.5
clips/chunk_0222.mp3,اسميها شنو؟,1.0
clips/chunk_0223.mp3,strategy okay,1.3
clips/chunk_0224.mp3,فهي شنو؟,0.8
clips/chunk_0225.mp3,cluster,0.8
clips/chunk_0226.mp3,أو group,0.8
clips/chunk_0227.mp3,فهي مجموعة,1.3
clips/chunk_0228.mp3,من ال decisions about what goals,2.4
clips/chunk_0229.mp3,to pursue,0.9
clips/chunk_0230.mp3,what action to take,1.5
clips/chunk_0231.mp3,and how to use resources,2.3
clips/chunk_0232.mp3,to achieve goals okay,1.6
clips/chunk_0233.mp3,فهي بتكون خطة شاملة إلى الأحداث مالينين,3.4
clips/chunk_0234.mp3,ويلة الخطوات,1.3
clips/chunk_0235.mp3,و الى استخدام الموارد,1.6
clips/chunk_0236.mp3,okay,0.6
clips/chunk_0237.mp3,فهذه اللي نطلق عليها,1.5
clips/chunk_0238.mp3,strategy,0.8
clips/chunk_0239.mp3,تمام؟,0.5
clips/chunk_0240.mp3,فال strategy بيكون فيها الأهداف بيكن فيها ال goals,4.1
clips/chunk_0241.mp3,نزين؟,0.6
clips/chunk_0242.mp3,وبكون فيها ال action to take,2.1
clips/chunk_0243.mp3,نزين؟,0.5
clips/chunk_0244.mp3,اللي هو الإجراءات أو الخطوات اللي بنتخذها,3.7
clips/chunk_0245.mp3,وبكون فيها,1.2
clips/chunk_0246.mp3,الموارد اللي بنحتاجها عشان في النهاية نحقق الحدف,4.1
clips/chunk_0247.mp3,فهذه هي شنو؟,1.1
clips/chunk_0248.mp3,ال strategy هي ال outcomes,2.4
clips/chunk_0249.mp3,of,0.5
clips/chunk_0250.mp3,planning,0.7
clips/chunk_0251.mp3,okay,0.5
clips/chunk_0252.mp3,انزين,0.6
clips/chunk_0253.mp3,الحين نجي إلى ثاني مهمة,2.1
clips/chunk_0254.mp3,من المهام الإدارية وهي ال organizing,3.4
clips/chunk_0255.mp3,خلصنا من ال planning اللي هو التخطيط,2.8
clips/chunk_0256.mp3,انجي الى حين,1.0
clips/chunk_0257.mp3,التنظيم ال organizing,1.6
clips/chunk_0258.mp3,ال organization شنو تعريفة؟,2.2
clips/chunk_0259.mp3,يقل لك اهني,1.1
clips/chunk_0260.mp3,ال organizing أخوة,1.4
clips/chunk_0261.mp3,structuring working relations,2.3
clips/chunk_0262.mp3,relationship,0.8
clips/chunk_0263.mp3,so organizational members,2.4
clips/chunk_0264.mp3,interact and,1.2
clips/chunk_0265.mp3,cop,0.2
clips/chunk_0266.mp3,rate,0.5
clips/chunk_0267.mp3,to achieve organizational goals,1.9
clips/chunk_0268.mp3,م زين,0.4
clips/chunk_0269.mp3,فا,0.6
clips/chunk_0270.mp3,التنظيم هو شنو؟,1.4
clips/chunk_0271.mp3,إن أنا بنظم هيكل علاقات العمل,2.6
clips/chunk_0272.mp3,بين الموظفين في المؤسسة,1.8
clips/chunk_0273.mp3,عشان يتفاعلون ويتعونون ويبعض,4.1
clips/chunk_0274.mp3,عشان يحققون الأهجاف,1.7
clips/chunk_0275.mp3,فكل واحد,1.0
clips/chunk_0276.mp3,بيعرف,0.6
clips/chunk_0277.mp3,هو شنو وظيفته؟,1.7
clips/chunk_0278.mp3,ان زين؟,0.6
clips/chunk_0279.mp3,يعني أجأ إلى هذا الشخص وأقل له أنت بتكون,3.7
clips/chunk_0280.mp3,في قسم ال account وبتكون ال account receivable مثلا,4.1
clips/chunk_0281.mp3,زين فاخليه,1.3
clips/chunk_0282.mp3,بال account receivable,1.3
clips/chunk_0283.mp3,انزين؟,0.6
clips/chunk_0284.mp3,و اقول ليه انت؟,1.5
clips/chunk_0285.mp3,شغلك اللي بيشرف عليه هو هذا الشخص,2.6
clips/chunk_0286.mp3,okay,0.6
clips/chunk_0287.mp3,فانت بتسوي reporting,2.0
clips/chunk_0288.mp3,إلى,0.6
clips/chunk_0289.mp3,أو report,1.0
clips/chunk_0290.mp3,إلى هذا الشخص,1.1
clips/chunk_0291.mp3,اللي فوقك,0.8
clips/chunk_0292.mp3,هو بيعرف,1.0
clips/chunk_0293.mp3,إن في,0.8
clips/chunk_0294.mp3,أحد فوقه بيراجع شغله,1.8
clips/chunk_0295.mp3,انزين؟,0.5
clips/chunk_0296.mp3,وبيعرف,0.6
clips/chunk_0297.mp3,إلى مين يروح؟ إذا مثلاً احتاج شيء,2.6
clips/chunk_0298.mp3,أو,0.6
clips/chunk_0299.mp3,عنده سؤال,1.0
clips/chunk_0300.mp3,يعرف إلى مين يروح,1.2
clips/chunk_0301.mp3,فال ال organizing,1.8
clips/chunk_0302.mp3,خلّي كل شخص يعرف شنه هو,2.4
clips/chunk_0303.mp3,ال position ماله,1.1
clips/chunk_0304.mp3,وبسوّي report إلى من؟,1.8
clips/chunk_0305.mp3,okay,0.6
clips/chunk_0306.mp3,fer,0.5
clips/chunk_0307.mp3,بالنظم,0.9
clips/chunk_0308.mp3,هيكل علاقات العمل okay,2.3
clips/chunk_0309.mp3,انزين,0.6
clips/chunk_0310.mp3,عندنا بعد في ال organization,2.3
clips/chunk_0311.mp3,أو ال organizing sorry,1.5
clips/chunk_0312.mp3,التعريف ثاني,1.0
clips/chunk_0313.mp3,اللي هو شنو؟,0.9
clips/chunk_0314.mp3,ال organizational structure الهيكل التنظيمي,3.2
clips/chunk_0315.mp3,الهيكل التنظيمي,1.5
clips/chunk_0316.mp3,hot,0.3
clips/chunk_0317.mp3,تقريبا صير النفس الشي يعني,1.9
clips/chunk_0318.mp3,قلّكو احنا بس ان هو شنو؟,1.9
clips/chunk_0319.mp3,formal system,1.3
clips/chunk_0320.mp3,of task and reporting relationship,2.7
clips/chunk_0321.mp3,that coordinates and motivates,2.3
clips/chunk_0322.mp3,organizational member,1.5
clips/chunk_0323.mp3,so that they work together,2.0
clips/chunk_0324.mp3,to achieve organizational goals,1.8
clips/chunk_0325.mp3,and zine,0.5
clips/chunk_0326.mp3,فنفس ما قلنا,1.4
clips/chunk_0327.mp3,مساعة,0.8
clips/chunk_0328.mp3,إن هذا الموظف,1.7
clips/chunk_0329.mp3,في فوق ال supervisor,1.6
clips/chunk_0330.mp3,زين فهو لما يشتغل وخلص شغله,2.5
clips/chunk_0331.mp3,هذا,0.6
clips/chunk_0332.mp3,بيشرف عليه,0.9
clips/chunk_0333.mp3,وهذا بعرفي شخص يشرف عليه,2.0
clips/chunk_0334.mp3,وهذا بعر في شخص يشرف عليه,2.4
clips/chunk_0335.mp3,okay,0.6
clips/chunk_0336.mp3,ف ..,0.5
clips/chunk_0337.mp3,هذا ال system نسميه شنو؟,2.4
clips/chunk_0338.mp3,organizational structure,2.1
clips/chunk_0339.mp3,okay,0.5
clips/chunk_0340.mp3,ف,0.5
clips/chunk_0341.mp3,ه system,1.0
clips/chunk_0342.mp3,that show task,1.7
clips/chunk_0343.mp3,and reporting relationship,2.0
clips/chunk_0344.mp3,to achieve what?,1.1
clips/chunk_0345.mp3,organizational goals,1.5
clips/chunk_0346.mp3,okay,0.5
clips/chunk_0347.mp3,الهيكل التنظيمي هو system,2.3
clips/chunk_0348.mp3,عبارة عن system,1.3
clips/chunk_0349.mp3,كل واحد بيعرف شنو؟,1.6
clips/chunk_0350.mp3,هي وظيفته,1.6
clips/chunk_0351.mp3,و الى من راح يسوي,1.6
clips/chunk_0352.mp3,report أو,1.6
clips/chunk_0353.mp3,من اللي راح يشرف عليه؟,1.4
clips/chunk_0354.mp3,فهذه الطريقة بس كل واحد ان,2.6
clips/chunk_0355.mp3,بيعرف,0.8
clips/chunk_0356.mp3,شنو؟,0.6
clips/chunk_0357.mp3,وظيفته,0.9
clips/chunk_0358.mp3,ومن اللي راح يكون مسئول؟,1.8
clips/chunk_0359.mp3,علي,0.4
clips/chunk_0360.mp3,okitha,1.1
clips/chunk_0361.mp3,يقولك من ال organizing بساعد إنه,2.7
clips/chunk_0362.mp3,يكون في تحفيظ,2.3
clips/chunk_0363.mp3,وإن,0.8
clips/chunk_0364.mp3,ال,0.8
clips/chunk_0365.mp3,teamwork,0.9
clips/chunk_0366.mp3,بيكون فيه,0.9
clips/chunk_0367.mp3,فكل الأعضاء,1.4
clips/chunk_0368.mp3,أو كل ال employees رح يتفاعلون ويبعض,3.8
clips/chunk_0369.mp3,عبر شنو ال organizational structure؟,2.7
clips/chunk_0370.mp3,زين اما الحين بالنسبة الى,2.3
clips/chunk_0371.mp3,الث مهمة,1.3
clips/chunk_0372.mp3,من المهام الإدارية اللي احمل management task,3.3
clips/chunk_0373.mp3,أهي شنو؟,0.9
clips/chunk_0374.mp3,leading القيادة,1.5
clips/chunk_0375.mp3,and see,0.4
clips/chunk_0376.mp3,leading as,1.1
clips/chunk_0377.mp3,articulating a clear vision and energizing,3.6
clips/chunk_0378.mp3,and enabling organizational member,2.6
clips/chunk_0379.mp3,so they understand,1.6
clips/chunk_0380.mp3,the part they play in achieving organizational goals,3.3
clips/chunk_0381.mp3,فالقيادة هي شنو؟,1.9
clips/chunk_0382.mp3,هي عبارة عن صياغة,1.7
clips/chunk_0383.mp3,رؤية,0.7
clips/chunk_0384.mp3,vision,0.6
clips/chunk_0385.mp3,clear vision,0.8
clips/chunk_0386.mp3,okay,0.5
clips/chunk_0387.mp3,رؤية واضحة للمنظمة,2.0
clips/chunk_0388.mp3,وتحفيز الموظفين,1.6
clips/chunk_0389.mp3,ومساعدتهم في إنهم شنو يفهمون دورهم وأهميتهم,3.8
clips/chunk_0390.mp3,في تحقيق أهداف المنظمة,2.1
clips/chunk_0391.mp3,فأنا إذا قاعدة أشتغل في شركة,2.2
clips/chunk_0392.mp3,حسيت إنه ما مني فائدة، أنا أصلاً بتملل,3.4
clips/chunk_0393.mp3,وبتلوع chipdy وبقول انا اصلا,2.0
clips/chunk_0394.mp3,شنو؟ ما مني فايدة,1.2
clips/chunk_0395.mp3,فاني ما قاعدة أفهم دوري,1.6
clips/chunk_0396.mp3,فلازم يكون فيه,1.5
clips/chunk_0397.mp3,قيادة لازم من المهام الإدارية,2.5
clips/chunk_0398.mp3,إن همجون فهمون الموظفين,2.7
clips/chunk_0399.mp3,إنهم مهمين,1.8
clips/chunk_0400.mp3,وإن احنا ما نقدر بدونهم,2.1
clips/chunk_0401.mp3,و نقدّرهم,1.2
clips/chunk_0402.mp3,عشان الموظفين يتحفزون,2.1
clips/chunk_0403.mp3,ويعطوهم أفضل ما عندهم,1.7
clips/chunk_0404.mp3,عشان في النهاية شنو؟,1.6
clips/chunk_0405.mp3,نحقق أهداف المنظمة,1.9
clips/chunk_0406.mp3,okay,0.7
clips/chunk_0407.mp3,وها يقولكم عناصر القيادة إنه لازم يكون فيه vision,3.7
clips/chunk_0408.mp3,o power,1.0
clips/chunk_0409.mp3,influence,1.0
clips/chunk_0410.mp3,o motivate,0.8
clips/chunk_0411.mp3,okay,0.6
clips/chunk_0412.mp3,فلازم يكون في تحفيظ لازم,2.0
clips/chunk_0413.mp3,القائد,1.2
clips/chunk_0414.mp3,يكون,0.6
clips/chunk_0415.mp3,إن يقدر عند هذه القوة,3.2
clips/chunk_0416.mp3,والتأثير,1.4
clips/chunk_0417.mp3,فإنه يحفز الموظفين,1.8
clips/chunk_0418.mp3,okay,0.7
clips/chunk_0419.mp3,نزين طبعا تحت ال leading,2.3
clips/chunk_0420.mp3,نفس ما قلنا إن لازم يكون فيه شنو clear vision,3.2
clips/chunk_0421.mp3,لازم يكون في رؤية واضحة,2.1
clips/chunk_0422.mp3,زين شنه هي الرؤية؟,1.5
clips/chunk_0423.mp3,زين,0.6
clips/chunk_0424.mp3,الرؤية هي,1.2
clips/chunk_0425.mp3,an organization at,1.4
clips/chunk_0426.mp3,an organization vision,2.2
clips/chunk_0427.mp3,is a short,1.1
clips/chunk_0428.mp3,and sixteenth,1.5
clips/chunk_0429.mp3,I think,0.6
clips/chunk_0430.mp3,اللي هي مختصرة,1.3
clips/chunk_0431.mp3,six cents,0.7
clips/chunk_0432.mp3,كسينت المهم,1.0
clips/chunk_0433.mp3,and,0.5
clips/chunk_0434.mp3,and inspiring,1.5
clips/chunk_0435.mp3,statement,1.0
clips/chunk_0436.mp3,of the organization future states,2.5
clips/chunk_0437.mp3,فع,0.4
clips/chunk_0438.mp3,ال vision,0.8
clips/chunk_0439.mp3,الرؤية هي شنو؟,1.3
clips/chunk_0440.mp3,هي عبارة,1.1
clips/chunk_0441.mp3,قصيرة ومختصرة,1.9
clips/chunk_0442.mp3,بس في نفس الوقت تكون شنو؟,1.9
clips/chunk_0443.mp3,inspiring تكون ملهمة,2.0
clips/chunk_0444.mp3,انزل؟,0.7
clips/chunk_0445.mp3,وتعبر عن,1.1
clips/chunk_0446.mp3,ال future state اتعبر عن الوضع المستقبلي,3.1
clips/chunk_0447.mp3,اللي المنظمة تطمح إن هي توصل إليه على المدى البعيد,3.5
clips/chunk_0448.mp3,fer,0.6
clips/chunk_0449.mp3,هذه example الى,1.5
clips/chunk_0450.mp3,Bob Covision,1.7
clips/chunk_0451.mp3,لهست,0.8
clips/chunk_0452.mp3,striving,1.2
clips/chunk_0453.mp3,or excellence,0.9
clips/chunk_0454.mp3,فاستعينا حو التمييز,2.0
clips/chunk_0455.mp3,هذه رأيت او؟,2.0
clips/chunk_0456.mp3,إيه ال vision مولت بابكا؟,1.9
clips/chunk_0457.mp3,قه؟,0.5
clips/chunk_0458.mp3,نفس ما تلاحظون إن هي شنو؟,1.9
clips/chunk_0459.mp3,مختصرة,0.9
clips/chunk_0460.mp3,وقصيرة,0.9
clips/chunk_0461.mp3,وتعبر عن الوضع المستقبلي,2.1
clips/chunk_0462.mp3,إنهم يسعون نحو,1.3
clips/chunk_0463.mp3,التمييز,0.9
clips/chunk_0464.mp3,فلو مثلا جاب عليكم,1.8
clips/chunk_0465.mp3,الدوائر في الامتحان,1.6
clips/chunk_0466.mp3,قال عليكم اي وحدة ال vision,1.7
clips/chunk_0467.mp3,فراح تختارون شنو العبارة المختصرة,3.1
clips/chunk_0468.mp3,والقصيرة؟,1.0
clips/chunk_0469.mp3,و اللي اتعبر عن؟,1.3
clips/chunk_0470.mp3,الوضع المستقبلي للشركة,2.0
clips/chunk_0471.mp3,okay,0.6
clips/chunk_0472.mp3,نزين الحين نجي إلى,1.8
clips/chunk_0473.mp3,آخر خطوة,1.4
clips/chunk_0474.mp3,من؟,0.5
clips/chunk_0475.mp3,أو آخر مهمة من المهم,1.8
clips/chunk_0476.mp3,من المهمات الإدارية,2.0
clips/chunk_0477.mp3,زين اللي هي ال controlling,1.7
clips/chunk_0478.mp3,لو تلاحظون,1.0
clips/chunk_0479.mp3,أن كل وحدة,1.8
clips/chunk_0480.mp3,من المهام الإدارية في تحتها شغلة,2.5
clips/chunk_0481.mp3,شفو خلصنا حين حنا planning,1.8
clips/chunk_0482.mp3,و ال organizing وال leading,1.8
clips/chunk_0483.mp3,ال controlling يحب نتطرق ليها,2.2
clips/chunk_0484.mp3,فشوف ال planning يندرج تحتها,2.1
clips/chunk_0485.mp3,strategy,0.8
clips/chunk_0486.mp3,okay,0.6
clips/chunk_0487.mp3,و ال organizing في تحتها شنو؟,2.0
clips/chunk_0488.mp3,organizational structure,1.7
clips/chunk_0489.mp3,انزين؟,0.5
clips/chunk_0490.mp3,وال leading,0.9
clips/chunk_0491.mp3,في وياها تعريف ال vision,1.9
clips/chunk_0492.mp3,and zin,0.4
clips/chunk_0493.mp3,فذلين صيرين كل وحدة,1.7
clips/chunk_0494.mp3,تحتها تعريف خنقول,1.6
clips/chunk_0495.mp3,إلا ال controlling ال controlling في تحتها خطوات,4.0
clips/chunk_0496.mp3,Okay خطوة سهلة وبسيطة وتافهة,2.7
clips/chunk_0497.mp3,ان زين,0.6
clips/chunk_0498.mp3,فخلنا نشوفهم الحين,1.3
clips/chunk_0499.mp3,uh,0.7
clips/chunk_0500.mp3,فاق ال controlling,1.4
clips/chunk_0501.mp3,هو شنو؟,0.9
clips/chunk_0502.mp3,التعريفة,1.0
clips/chunk_0503.mp3,monitoring performance,1.7
clips/chunk_0504.mp3,evaluating it,1.4
clips/chunk_0505.mp3,and taking corrective action,1.9
clips/chunk_0506.mp3,و ال needed,0.7
clips/chunk_0507.mp3,وهذه هي الخطوات,1.1
clips/chunk_0508.mp3,بس,0.5
clips/chunk_0509.mp3,ال controlling هو التحكم,2.4
clips/chunk_0510.mp3,أنا أب أتحكم الحين في الشركة,2.4
clips/chunk_0511.mp3,ففي خطوات,1.1
clips/chunk_0512.mp3,نزين؟,0.6
clips/chunk_0513.mp3,إن أنا,0.8
clips/chunk_0514.mp3,I have to set standards,1.7
clips/chunk_0515.mp3,أو إن أنا,1.1
clips/chunk_0516.mp3,set goals,1.1
clips/chunk_0517.mp3,أحط هدف,0.9
clips/chunk_0518.mp3,okay,0.5
clips/chunk_0519.mp3,وضع مقاييس أو وضع أهداف,2.2
clips/chunk_0520.mp3,اثنين,0.7
clips/chunk_0521.mp3,I have to what؟ تماجر performance إن أنا أقيص الأداء,3.9
clips/chunk_0522.mp3,وأشوف الواقع,1.4
clips/chunk_0523.mp3,ثلاثة,0.7
clips/chunk_0524.mp3,compare performance in any,2.4
clips/chunk_0525.mp3,أقارن,0.8
clips/chunk_0526.mp3,okay,0.6
clips/chunk_0527.mp3,مقارنة الأداء,1.1
clips/chunk_0528.mp3,زين أربعة,1.3
clips/chunk_0529.mp3,اللهيتي corrective action,1.9
clips/chunk_0530.mp3,انزين,0.4
clips/chunk_0531.mp3,خلنا ناخد مثال,1.4
clips/chunk_0532.mp3,عشان توضح صورة ال controlling,2.3
clips/chunk_0533.mp3,انزين,0.6
clips/chunk_0534.mp3,مثلًا,0.8
clips/chunk_0535.mp3,any,0.6
clips/chunk_0536.mp3,حطيت هدف,1.1
clips/chunk_0537.mp3,إن أنا أب أجيب إيه؟,1.5
clips/chunk_0538.mp3,في هذه المادة,1.2
clips/chunk_0539.mp3,ش هت زائد؟,0.9
clips/chunk_0540.mp3,and then,0.8
clips/chunk_0541.mp3,فاني حطيت الهدف,1.3
clips/chunk_0542.mp3,حدّرت الهدف مالي,1.6
clips/chunk_0543.mp3,انزين,0.6
clips/chunk_0544.mp3,لا سمح الله,1.3
clips/chunk_0545.mp3,قدّر الله ما شاء أفعل,1.8
clips/chunk_0546.mp3,شبتش شنو؟,0.7
clips/chunk_0547.mp3,في النهاية جبت F,1.5
clips/chunk_0548.mp3,okay,0.6
clips/chunk_0549.mp3,حين أنا أجي,1.1
clips/chunk_0550.mp3,أقارن,0.8
clips/chunk_0551.mp3,Okay أقارن بين الهدف اللي حطيته,2.9
clips/chunk_0552.mp3,الهدف والله كنت ابقى اجيب ايه؟,1.7
clips/chunk_0553.mp3,والواقع,0.9
clips/chunk_0554.mp3,drift F,0.9
clips/chunk_0555.mp3,انزيفه وش صار؟,1.3
clips/chunk_0556.mp3,لازم أجي,1.0
clips/chunk_0557.mp3,واخذ شنو corrective action,2.4
clips/chunk_0558.mp3,أصحح الوضع,1.0
clips/chunk_0559.mp3,okay,0.6
clips/chunk_0560.mp3,فوالله إن أنا مثلا درست ليلة الأمتحان,3.2
clips/chunk_0561.mp3,دراست حزة الحزة,1.6
clips/chunk_0562.mp3,أمامة داني أحفاظ,1.5
clips/chunk_0563.mp3,رحت الامتحان منايمة,1.6
clips/chunk_0564.mp3,فأني لازم,1.0
clips/chunk_0565.mp3,لين جيت بعيد المادة,1.7
clips/chunk_0566.mp3,اخذ شنو خطوات تصحيحية؟,2.5
clips/chunk_0567.mp3,نزين,0.5
clips/chunk_0568.mp3,حين أن خذيت الخطوات التصحيحية,2.1
clips/chunk_0569.mp3,وجيت وعدلت الوضع,1.7
clips/chunk_0570.mp3,في ال course اللي بعده,1.1
clips/chunk_0571.mp3,جيت,0.6
clips/chunk_0572.mp3,قلت الهدف,1.0
clips/chunk_0573.mp3,بعد يقبق اجيب ايه؟,1.3
clips/chunk_0574.mp3,وفعلاً,0.8
clips/chunk_0575.mp3,جبت A,0.8
clips/chunk_0576.mp3,بنزين؟,0.6
clips/chunk_0577.mp3,جيت اقارن الحين بين الهدف,2.2
clips/chunk_0578.mp3,مالي؟ والله أنا أبي أجيب إيه؟,1.7
clips/chunk_0579.mp3,والواقع,0.9
clips/chunk_0580.mp3,جبت ايه؟,0.8
clips/chunk_0581.mp3,هل يحتاج إن أنا أخذ corrective action؟,2.4
clips/chunk_0582.mp3,ما يحتاج,0.8
clips/chunk_0583.mp3,فهذه خطوة,1.1
clips/chunk_0584.mp3,اخنقو الاختيارية,1.5
clips/chunk_0585.mp3,لأن أنا إذا وصلت إلى الهدف,1.8
clips/chunk_0586.mp3,ما بحتاجها,1.1
clips/chunk_0587.mp3,okay,0.6
clips/chunk_0588.mp3,يعني لإن أنا حرفياً كل شي سويته صح وصلت للهدف مالي,3.9
clips/chunk_0589.mp3,بعلش أخد خطوات تصحيحية ما أحتاج,2.8
clips/chunk_0590.mp3,لكن,0.7
clips/chunk_0591.mp3,لو ما وصلتي للهدف مالي,2.3
clips/chunk_0592.mp3,أحتاج هذا الخطوة,1.4
clips/chunk_0593.mp3,okay,0.5
clips/chunk_0594.mp3,فهذا هو ببساطة ال controlling,2.2
clips/chunk_0595.mp3,فبتش ذي احنا خلصنا,1.6
clips/chunk_0596.mp3,الهدف الثالث,1.3
clips/chunk_0597.mp3,okay,0.5
clips/chunk_0598.mp3,الهدف الثالث قلنا احنا بنعرف شنو اهمه,3.2
clips/chunk_0599.mp3,ال management,1.1
clips/chunk_0600.mp3,task,1.0
clips/chunk_0601.mp3,okay,0.7
clips/chunk_0602.mp3,ال management task أهمة,1.7
clips/chunk_0603.mp3,planning,0.7
clips/chunk_0604.mp3,organizing,1.0
clips/chunk_0605.mp3,leading and controlling,1.9
clips/chunk_0606.mp3,so,0.5
clips/chunk_0607.mp3,الحين وصلنا إلى الهدف الرابع,3.1
clips/chunk_0608.mp3,رح نتكلم عن ال organizational performance,3.0
clips/chunk_0609.mp3,هذا الهدف يعني الصراحة,1.8
clips/chunk_0610.mp3,المفروض أغلب كم؟,1.4
clips/chunk_0611.mp3,مر عليكم الأشياء اللي فيه,1.7
clips/chunk_0612.mp3,فهدف طق طقي يعني انا الصراحة حوزي ولا تحجي,3.5
clips/chunk_0613.mp3,بس لازم نعرف نفرق بما بينهم,2.2
clips/chunk_0614.mp3,ان زين,0.6
clips/chunk_0615.mp3,فاق,0.6
clips/chunk_0616.mp3,في ال organization هذا ال performance اللي هو أداء المنظمات,4.0
clips/chunk_0617.mp3,زين؟,0.6
clips/chunk_0618.mp3,عنشلون بقّس أداء المنظمات؟,2.0
clips/chunk_0619.mp3,عبر شيئين,1.0
clips/chunk_0620.mp3,ال efficiency,1.0
clips/chunk_0621.mp3,و ال effectiveness,1.1
clips/chunk_0622.mp3,Okay فهذه لين المفروض انهم مري عليكم,2.8
clips/chunk_0623.mp3,حتى الام ومره عليكم حين انشاء الله,2.1
clips/chunk_0624.mp3,بتعرفونهم,0.9
clips/chunk_0625.mp3,أن زين,0.5
clips/chunk_0626.mp3,فال efficiency هي شنو؟,1.9
clips/chunk_0627.mp3,a measure of,1.0
clips/chunk_0628.mp3,هوّل,0.9
clips/chunk_0629.mp3,or,0.4
clips/chunk_0630.mp3,how productivity,1.3
clips/chunk_0631.mp3,resources are used,1.5
clips/chunk_0632.mp3,to achieve goals,1.0
clips/chunk_0633.mp3,okay,0.5
clips/chunk_0634.mp3,فالكفاءة,1.4
clips/chunk_0635.mp3,okay,0.6
clips/chunk_0636.mp3,الكفاءة,1.0
clips/chunk_0637.mp3,هي شناك؟,0.8
clips/chunk_0638.mp3,تتكلم عن الاستخدام الأمثل,3.0
clips/chunk_0639.mp3,للموارد,1.1
clips/chunk_0640.mp3,فأني,0.7
clips/chunk_0641.mp3,كل ما استخدمت الموارد اللي عندي بشكل أقل,3.7
clips/chunk_0642.mp3,وانتجت كمية أكبر,1.8
clips/chunk_0643.mp3,يعني شنو؟ يعني الكفاءة عندي قاعدة زيد,2.8
clips/chunk_0644.mp3,الموارد قلنا هم شنو؟,1.7
clips/chunk_0645.mp3,الهيومن,0.8
clips/chunk_0646.mp3,where,0.4
clips/chunk_0647.mp3,ال financial,1.2
clips/chunk_0648.mp3,و ال information,1.1
clips/chunk_0649.mp3,و؟,0.4
clips/chunk_0650.mp3,ال physical,0.8
clips/chunk_0651.mp3,okay,0.5
clips/chunk_0652.mp3,حفظوهم,0.9
clips/chunk_0653.mp3,ده لين؟,0.7
clips/chunk_0654.mp3,resources,1.1
clips/chunk_0655.mp3,فال efficiency,1.3
clips/chunk_0656.mp3,هي اتخصت شنو؟,1.1
clips/chunk_0657.mp3,اتخص دلين,1.1
clips/chunk_0658.mp3,خصت ال resources,1.3
clips/chunk_0659.mp3,back,0.3
clips/chunk_0660.mp3,الكفاءة بتتكلم لي عن,2.0
clips/chunk_0661.mp3,الاستخدام الأنثل إلى هاي الموارد؟,3.0
clips/chunk_0662.mp3,يعني انا مثلا,1.2
clips/chunk_0663.mp3,موفّة لي بس خمسة أشخاص,2.1
clips/chunk_0664.mp3,حط عليهم خمس computerات,1.9
clips/chunk_0665.mp3,بس,0.7
clips/chunk_0666.mp3,في النهاية يوصلوني إلى الهدف,2.4
clips/chunk_0667.mp3,okay,0.6
clips/chunk_0668.mp3,لكن على عكس لو مثلاً,2.0
clips/chunk_0669.mp3,جبت لي ناس واجد,1.5
clips/chunk_0670.mp3,و ما منهم فائدة,1.2
clips/chunk_0671.mp3,مثلًا جب لي,1.4
clips/chunk_0672.mp3,عشرين شخص,1.0
clips/chunk_0673.mp3,وحط عليهم عشرين computer بس,2.1
clips/chunk_0674.mp3,ما قاعدين نشتغلون، ماقعدين,1.8
clips/chunk_0675.mp3,يستخدمون,1.0
clips/chunk_0676.mp3,أو,0.6
clips/chunk_0677.mp3,إيه؟ مقعد يستخدمون الموارد,2.0
clips/chunk_0678.mp3,الاستخدام الأمثل,1.3
clips/chunk_0679.mp3,okay,0.6
clips/chunk_0680.mp3,ف ..,0.7
clips/chunk_0681.mp3,هذه,1.2
clips/chunk_0682.mp3,هذه وك,0.8
clips/chunk_0683.mp3,هذه ال efficiency,1.3
clips/chunk_0684.mp3,النهي شنو؟,1.0
clips/chunk_0685.mp3,استخدام الأمثل إلى هذا ال resources ال human وال financial,4.7
clips/chunk_0686.mp3,و ال information,1.2
clips/chunk_0687.mp3,وال physical,0.8
clips/chunk_0688.mp3,okay,0.6
clips/chunk_0689.mp3,فأنا كلمة,1.0
clips/chunk_0690.mp3,كانت الموارد عندي أقل,2.0
clips/chunk_0691.mp3,وانتجت أكثر ووصلت إلى الهدف مالي,3.0
clips/chunk_0692.mp3,معناتها,0.8
clips/chunk_0693.mp3,ال efficiency الكفاءة عندي,1.9
clips/chunk_0694.mp3,perfect ولا غلطة,1.4
clips/chunk_0695.mp3,and zain,0.6
clips/chunk_0696.mp3,عجل شو ال effectiveness؟,1.6
clips/chunk_0697.mp3,ال effectiveness هي,1.5
clips/chunk_0698.mp3,a major of the appropriateness,2.2
clips/chunk_0699.mp3,off the goal,0.9
clips/chunk_0700.mp3,of the goals an organization is pursuing,3.1
clips/chunk_0701.mp3,and the degree,1.2
clips/chunk_0702.mp3,to which organization achieve those goals,2.7
clips/chunk_0703.mp3,فهني في ال effectiveness,3.1
clips/chunk_0704.mp3,أنا بتكلم عن شنو؟,1.4
clips/chunk_0705.mp3,النتيجة,0.8
clips/chunk_0706.mp3,اللي تهمني شنو النتيجة,1.9
clips/chunk_0707.mp3,خلنا يكتر مني أحسن,1.3
clips/chunk_0708.mp3,ال result,0.8
clips/chunk_0709.mp3,okay,0.6
clips/chunk_0710.mp3,ف,0.4
clips/chunk_0711.mp3,فين ال effectiveness,1.6
clips/chunk_0712.mp3,الفعالية تتكلم عن شنو؟ إن أنا,2.8
clips/chunk_0713.mp3,أحقق الأهداف الصحيحة the appropriate or the right,4.0
clips/chunk_0714.mp3,the right goals okay,1.3
clips/chunk_0715.mp3,فأنا وصلت إلى النتيجة الصح,2.0
clips/chunk_0716.mp3,فكلمة,0.9
clips/chunk_0717.mp3,حققنا نتيجة مرضية,1.9
clips/chunk_0718.mp3,و أرضتني,1.1
clips/chunk_0719.mp3,مثلا والله انا كنت ابقى احقق ون مليون نهاية السنة,3.4
clips/chunk_0720.mp3,حققت two million,1.3
clips/chunk_0721.mp3,فأنا أكيد عندي effectiveness,1.9
clips/chunk_0722.mp3,وصلت إلى أعلى من الهدف مالي,2.3
clips/chunk_0723.mp3,عرفتون؟,0.7
clips/chunk_0724.mp3,ال result في النهاية,1.7
clips/chunk_0725.mp3,كانت,0.6
clips/chunk_0726.mp3,فوق المرضية بعد,1.3
clips/chunk_0727.mp3,عرفتون؟,0.7
clips/chunk_0728.mp3,فالنتيجة,1.3
clips/chunk_0729.mp3,كلمة زادت,1.3
clips/chunk_0730.mp3,زارت شنو ال effectiveness؟,1.8
clips/chunk_0731.mp3,okay,0.5
clips/chunk_0732.mp3,لكن لا مثلًا,1.3
clips/chunk_0733.mp3,أنا كنت أبقى أحقق one million,2.8
clips/chunk_0734.mp3,لكن جت نهاية السنة,1.5
clips/chunk_0735.mp3,أنا بس أحققها,1.3
clips/chunk_0736.mp3,"500,000",1.0
clips/chunk_0737.mp3,فهل أنا عندي effectiveness؟,1.7
clips/chunk_0738.mp3,مو عندي effectiveness لإن أنا ما وصلت إلى ال result اللي أبيها,3.6
clips/chunk_0739.mp3,okay,0.6
clips/chunk_0740.mp3,فال effectiveness أنا بطالع شنو ال result,3.0
clips/chunk_0741.mp3,لكن ال efficiency بطالع شنو؟,2.8
clips/chunk_0742.mp3,ال resources إن أنا قاعدة أستخدمهم الاستخدام الأمثل,3.9
clips/chunk_0743.mp3,وال resources قلنا هما,1.6
clips/chunk_0744.mp3,human financial information,2.3
clips/chunk_0745.mp3,وفي الذكّل,0.8
clips/chunk_0746.mp3,come off,0.5
clips/chunk_0747.mp3,زين فابتدي احنا خلصنا من الهدف الرابع,3.9
clips/chunk_0748.mp3,اللهوة شنو؟,1.0
clips/chunk_0749.mp3,ال organizational performance,2.0
clips/chunk_0750.mp3,قلنا,0.7
clips/chunk_0751.mp3,ال organization of performance فيه شنو؟,2.7
clips/chunk_0752.mp3,ال efficiency وال effectiveness,1.8
clips/chunk_0753.mp3,ال efficiency هي الكفاءة,1.9
clips/chunk_0754.mp3,واللي؟,0.7
clips/chunk_0755.mp3,بنتكلم فيها عن شنو الاستخدام الأمثل,3.3
clips/chunk_0756.mp3,إلى الموارد,1.2
clips/chunk_0757.mp3,Okay ال efficiency هي الكفاءة,2.2
clips/chunk_0758.mp3,وبتتكلم عن ال resources,1.8
clips/chunk_0759.mp3,أمّل effectiveness,1.4
clips/chunk_0760.mp3,بروح اطالع شنو؟,1.2
clips/chunk_0761.mp3,بروح اطالع ال result,1.6
clips/chunk_0762.mp3,في النهاية,1.0
clips/chunk_0763.mp3,في ال effectiveness,1.2
clips/chunk_0764.mp3,عشان,0.7
clips/chunk_0765.mp3,أنا أكون فعلاً منظمة أو شركة فعالة,3.1
clips/chunk_0766.mp3,لازم أشوف شنو ال effectiveness فبروح أطالع النتيجة,3.6
clips/chunk_0767.mp3,تمام؟,0.4
clips/chunk_0768.mp3,فكل ما كانت النتيجة مرضية,2.3
clips/chunk_0769.mp3,يعني انا عندي effectiveness,1.9
clips/chunk_0770.mp3,تمام؟,0.4
clips/chunk_0771.mp3,فهذا باختصار الهدف الرابع,2.0
clips/chunk_0772.mp3,الحين بنتكلم عن الهدف الخامس,2.7
clips/chunk_0773.mp3,له شنو ال managerial level؟,2.2
clips/chunk_0774.mp3,وهذا هجف,1.1
clips/chunk_0775.mp3,جت,0.3
clips/chunk_0776.mp3,done,0.4
clips/chunk_0777.mp3,جدا جدا,0.9
clips/chunk_0778.mp3,مهم وأبيكم تركزون عليه,2.1
clips/chunk_0779.mp3,وتحفظونا,1.2
clips/chunk_0780.mp3,ويمكن هذا أهمش في ال chapter,1.6
clips/chunk_0781.mp3,انزين لأن هذا شنو؟,1.7
clips/chunk_0782.mp3,جه,0.6
clips/chunk_0783.mp3,عليهم,0.6
clips/chunk_0784.mp3,السؤال السي,1.5
clips/chunk_0785.mp3,course اللي راح,0.9
clips/chunk_0786.mp3,اتوى ال course اللي راح,1.2
clips/chunk_0787.mp3,جي عليه سؤال,1.3
clips/chunk_0788.mp3,فجدًا مهم,1.3
clips/chunk_0789.mp3,طمام,0.5
clips/chunk_0790.mp3,in zin,0.6
clips/chunk_0791.mp3,فحين احنا بنتكلم عن شنو؟,1.8
clips/chunk_0792.mp3,ال managerial level,1.3
clips/chunk_0793.mp3,طبقات الإدارة أو طبقاة المدرأ,2.8
clips/chunk_0794.mp3,يعني دالين كلها,1.3
clips/chunk_0795.mp3,ودرأك,1.2
clips/chunk_0796.mp3,يعني ال top,0.9
clips/chunk_0797.mp3,يعتبر مدير,1.1
clips/chunk_0798.mp3,والمجل,0.9
clips/chunk_0799.mp3,بعد مدير,0.9
clips/chunk_0800.mp3,وال first line,1.3
clips/chunk_0801.mp3,managers,0.9
clips/chunk_0802.mp3,بعد مدرأ,0.9
clips/chunk_0803.mp3,تمام؟,0.5
clips/chunk_0804.mp3,فهذا بس شيله ما عليكم منه,2.8
clips/chunk_0805.mp3,يعني اتمدع على هذا,1.3
clips/chunk_0806.mp3,أو دليني يعني,1.0
clips/chunk_0807.mp3,okay,0.4
clips/chunk_0808.mp3,انزين,0.5
clips/chunk_0809.mp3,فنج اليهم الحين واحد واحد,1.9
clips/chunk_0810.mp3,أول شي ال top,1.5
clips/chunk_0811.mp3,managers,0.9
clips/chunk_0812.mp3,I'm a man,0.8
clips/chunk_0813.mp3,يعني أمثلة عليهم,1.5
clips/chunk_0814.mp3,ال deputy,1.1
clips/chunk_0815.mp3,اللي هو النائب,1.2
clips/chunk_0816.mp3,okay,0.6
clips/chunk_0817.mp3,النائب يعتبر شنو؟,1.5
clips/chunk_0818.mp3,top manager,1.1
clips/chunk_0819.mp3,no,0.5
clips/chunk_0820.mp3,نزين,0.4
clips/chunk_0821.mp3,وال CEO,1.8
clips/chunk_0822.mp3,و ال cfo,1.5
clips/chunk_0823.mp3,اللي هو,0.6
clips/chunk_0824.mp3,chef financial officer,2.1
clips/chunk_0825.mp3,قلين,0.6
clips/chunk_0826.mp3,COO,0.9
clips/chunk_0827.mp3,okay,0.6
clips/chunk_0828.mp3,لين؟ كلهم شنه يعتبرون؟,1.8
clips/chunk_0829.mp3,top managers,1.3
clips/chunk_0830.mp3,نحطهم في الإدارة العليا,2.3
clips/chunk_0831.mp3,and zain,0.6
clips/chunk_0832.mp3,ال middle managers,1.4
clips/chunk_0833.mp3,منهما؟,0.8
clips/chunk_0834.mp3,رؤساء الأقسام,1.4
clips/chunk_0835.mp3,okay,0.6
clips/chunk_0836.mp3,هذا لين اللي نعتبرهم شنو؟ middle managers,2.7
clips/chunk_0837.mp3,but,0.5
clips/chunk_0838.mp3,mmm,0.5
clips/chunk_0839.mp3,ال manager,1.3
clips/chunk_0840.mp3,أو,0.7
clips/chunk_0841.mp3,رئيس قسم ال IT يعني,1.9
clips/chunk_0842.mp3,رئيس قسم ال marketing,2.0
clips/chunk_0843.mp3,should be,0.4
clips/chunk_0844.mp3,فنير أسواء الأقصى,1.8
clips/chunk_0845.mp3,رأسها لاقسم,1.3
clips/chunk_0846.mp3,and zine,0.7
clips/chunk_0847.mp3,ال first line,1.2
clips/chunk_0848.mp3,managers اهمش انو supervisor,2.5
clips/chunk_0849.mp3,المشرفين,0.8
clips/chunk_0850.mp3,اكيث,0.6
clips/chunk_0851.mp3,فدلين بعد يعتبروه المدرأ,1.8
clips/chunk_0852.mp3,زي خلنا نجليها محدة واحدة,1.9
clips/chunk_0853.mp3,فهم شنو جاهم سؤال؟,1.4
clips/chunk_0854.mp3,إن,0.7
clips/chunk_0855.mp3,discuss ال managerial levels,2.0
clips/chunk_0856.mp3,فانتوا لازم تكتبون كل شي,1.6
clips/chunk_0857.mp3,كلشي تعرفون عن ال managerial level حطوه,3.1
clips/chunk_0858.mp3,حتى هذه الامثلة لإن هذا اللي اتحججه عليه,2.7
clips/chunk_0859.mp3,إن والله أنتم ما حطيتون أمثلة,2.0
clips/chunk_0860.mp3,فحطوا مع انهم ما قالوا يعني,2.5
clips/chunk_0861.mp3,أن put examples أو شيء شذي,2.6
clips/chunk_0862.mp3,فانتون كل شي تعرفونا كل شي خص النقطة حط,3.7
clips/chunk_0863.mp3,o,0.3
clips/chunk_0864.mp3,okay,0.6
clips/chunk_0865.mp3,فع,0.5
clips/chunk_0866.mp3,انجهني,0.8
clips/chunk_0867.mp3,إلى,0.5
clips/chunk_0868.mp3,ال,1.3
clips/chunk_0869.mp3,مناجرية level,1.2
clips/chunk_0870.mp3,أول واحدة قلناه عندنا top managers,2.3
clips/chunk_0871.mp3,وال top managers قلناهم من,1.9
clips/chunk_0872.mp3,ال deputy CEO CFO Delane,2.9
clips/chunk_0873.mp3,and zine,0.5
clips/chunk_0874.mp3,شن ال definition مالك؟,1.4
clips/chunk_0875.mp3,managers who,1.3
clips/chunk_0876.mp3,create an organization vision,2.4
clips/chunk_0877.mp3,and join all the organization,1.9
clips/chunk_0878.mp3,فهذه نين؟ المدرأ,2.1
clips/chunk_0879.mp3,اللهمة,0.7
clips/chunk_0880.mp3,top,0.5
clips/chunk_0881.mp3,من زين؟,0.6
clips/chunk_0882.mp3,أهمل اللي يحطون لين ال vision,1.9
clips/chunk_0883.mp3,شنو اسؤلياتهم؟,1.5
clips/chunk_0884.mp3,أول شي إنهم,1.5
clips/chunk_0885.mp3,بيحطوه لنا,1.2
clips/chunk_0886.mp3,ال organizational goals,1.6
clips/chunk_0887.mp3,وضع أهداف المنظمة بيحطون أهدافي للمنظמה أو ال vision,4.3
clips/chunk_0888.mp3,okay,0.6
clips/chunk_0889.mp3,الرؤية,0.8
clips/chunk_0890.mp3,بيحطون أهداف,1.5
clips/chunk_0891.mp3,إلى المنظمة,1.1
clips/chunk_0892.mp3,بعد,0.7
clips/chunk_0893.mp3,I'm responsible,1.5
clips/chunk_0894.mp3,for the performance of all departments,3.0
clips/chunk_0895.mp3,نزين؟,0.6
clips/chunk_0896.mp3,إنهم مسؤولين,1.1
clips/chunk_0897.mp3,عن الاشراف,1.1
clips/chunk_0898.mp3,على أداء الأقسام,1.4
clips/chunk_0899.mp3,يعني بيروحون إلى كل قسم وبيشوفون,2.5
clips/chunk_0900.mp3,قعد يسوّون okay ولا لا؟,2.1
clips/chunk_0901.mp3,اشرفون عليهم,1.1
clips/chunk_0902.mp3,insane,0.6
clips/chunk_0903.mp3,بعد,0.7
clips/chunk_0904.mp3,decide,0.7
clips/chunk_0905.mp3,how different departments should interact,2.4
clips/chunk_0906.mp3,uh,0.2
clips/chunk_0907.mp3,يعني,0.6
clips/chunk_0908.mp3,بيحدّدون طرق تفاعل كل قسم,2.7
clips/chunk_0909.mp3,وبعد,0.8
clips/chunk_0910.mp3,شين المنو؟,0.8
clips/chunk_0911.mp3,مسؤولياتهم إن أهمى monitor,2.9
clips/chunk_0912.mp3,حوّل,0.8
clips/chunk_0913.mp3,middle managers,1.4
clips/chunk_0914.mp3,an age department,1.6
clips/chunk_0915.mp3,use resources to achieve goals,2.2
clips/chunk_0916.mp3,فبيشرفون براقبون,1.7
clips/chunk_0917.mp3,على مدراء الأقسام بيشوفون شلون قاعد يستخدمون الموارد,3.5
clips/chunk_0918.mp3,فال top,1.0
clips/chunk_0919.mp3,بيشرف علاجنا,1.4
clips/chunk_0920.mp3,بيشرف على المجل,1.3
clips/chunk_0921.mp3,okay بيشرفون عليهم,1.5
clips/chunk_0922.mp3,insane,0.6
clips/chunk_0923.mp3,المجل,0.8
clips/chunk_0924.mp3,بيقم بيشرف علمان,1.4
clips/chunk_0925.mp3,بيشرف على هذا,1.3
clips/chunk_0926.mp3,اللي هو ال first line manager,1.7
clips/chunk_0927.mp3,وبيتبع,0.9
clips/chunk_0928.mp3,وبيتبع التعليمات اللي من عند ال top,2.6
clips/chunk_0929.mp3,Okay وهذا اللي حين بنذكراه بالضعب,2.2
clips/chunk_0930.mp3,زين؟ sorry,0.8
clips/chunk_0931.mp3,شهر؟,0.6
clips/chunk_0932.mp3,ال middle manager هم شنو؟,2.4
clips/chunk_0933.mp3,usually are hit,1.6
clips/chunk_0934.mp3,of departments,1.2
clips/chunk_0935.mp3,فهذا اللي قلناه,1.1
clips/chunk_0936.mp3,ساعدنا ال middle manager سهمشنا رؤساء الأقسام ال head of departments,5.7
clips/chunk_0937.mp3,an small,0.9
clips/chunk_0938.mp3,or middle size,1.2
clips/chunk_0939.mp3,organizations,1.0
clips/chunk_0940.mp3,فهمش إنه بتسوّن، شنه المسؤوليات اللي عليهم؟,2.6
clips/chunk_0941.mp3,follow top manager direction,2.3
clips/chunk_0942.mp3,بيتبعون توجيهات ال top,2.1
clips/chunk_0943.mp3,okay ده لين ال top,1.2
clips/chunk_0944.mp3,الين ال top بيتبعون توجيهاتهم,2.3
clips/chunk_0945.mp3,in zine,0.6
clips/chunk_0946.mp3,وبسوّون شنو ال supervised first line manager بيشرفون على دلين؟,4.2
clips/chunk_0947.mp3,لهم ال first line,1.1
clips/chunk_0948.mp3,وبعد,0.7
clips/chunk_0949.mp3,responsible for finding the best way,3.8
clips/chunk_0950.mp3,to departmental,1.4
clips/chunk_0951.mp3,resources,0.9
clips/chunk_0952.mp3,زين,0.6
clips/chunk_0953.mp3,فهم,0.7
clips/chunk_0954.mp3,بس اولين انهم شنون؟,1.5
clips/chunk_0955.mp3,يجدون الطريقة الأمثل,1.8
clips/chunk_0956.mp3,لاستخدام الموارد,1.5
clips/chunk_0957.mp3,لا تلاحظون,0.9
clips/chunk_0958.mp3,مساعة شنه قلنا؟,1.2
clips/chunk_0959.mp3,إن,0.5
clips/chunk_0960.mp3,الادارة العلية اللي هم ال top manager دلين,3.1
clips/chunk_0961.mp3,مسؤولين النهام يشرفون وراقبون,3.1
clips/chunk_0962.mp3,ال middle managers,1.5
clips/chunk_0963.mp3,وشوفون هل هم قاعدين استخدمون الموارد صح ولا لا؟,3.7
clips/chunk_0964.mp3,فهذا شنو بيسوي؟ لازم,2.1
clips/chunk_0965.mp3,تشوف,0.5
clips/chunk_0966.mp3,أفضل استخدام,1.2
clips/chunk_0967.mp3,إلى الموارد,0.9
clips/chunk_0968.mp3,Okay فكلهم صيرين متربطين في بعض,2.5
clips/chunk_0969.mp3,و,0.6
clips/chunk_0970.mp3,يعني شو قلكم؟,1.7
clips/chunk_0971.mp3,ينفهمون سهلين يعني,1.9
clips/chunk_0972.mp3,انزين,0.6
clips/chunk_0973.mp3,فآخر شيء اللي هما ال first line managers,3.2
clips/chunk_0974.mp3,اللي هم ال supervisors,1.5
clips/chunk_0975.mp3,okay,0.5
clips/chunk_0976.mp3,good,0.2
clips/chunk_0977.mp3,اللي هم ال lower level,1.3
clips/chunk_0978.mp3,من زين؟,0.6
clips/chunk_0979.mp3,lower level نسميهم، نسميهم supervisor,3.0
clips/chunk_0980.mp3,first line managers,1.7
clips/chunk_0981.mp3,هما شنو؟,0.9
clips/chunk_0982.mp3,managers who directly deal with non-managerial employee,4.5
clips/chunk_0983.mp3,okay,0.6
clips/chunk_0984.mp3,they can't or,0.8
clips/chunk_0985.mp3,uh,0.7
clips/chunk_0986.mp3,they can also call supervisor,2.7
clips/chunk_0987.mp3,and zane,0.6
clips/chunk_0988.mp3,فأهمى,0.8
clips/chunk_0989.mp3,دلين ال first line بيتبعون شنو؟,2.4
clips/chunk_0990.mp3,بيتبعون ال direction اللي من ال middle,2.9
clips/chunk_0991.mp3,وبعد,0.7
clips/chunk_0992.mp3,هو بيكون ال responsible,1.9
clips/chunk_0993.mp3,for the daily super,1.2
clips/chunk_0994.mp3,supervision,1.6
clips/chunk_0995.mp3,"of the non-managerial employee, non- managerial employee لهم الموظفين العاديين",5.1
clips/chunk_0996.mp3,ث,0.5
clips/chunk_0997.mp3,ال first line manager,2.2
clips/chunk_0998.mp3,بيتعاملون ويشنوا ويالموظفين العاديين,3.9
clips/chunk_0999.mp3,okay,0.6
clips/chunk_1000.mp3,فبي اتبعون تعليمات مدراء الاقسام,2.5
clips/chunk_1001.mp3,الا هم ال middle managers,1.9
clips/chunk_1002.mp3,وبيكونون مسؤولين عن الاشراف على الموظفين العاديين اللي مو موجودين في مناصب مدرأ,5.7
clips/chunk_1003.mp3,okay,0.6
clips/chunk_1004.mp3,لأن لا لين؟,0.9
clips/chunk_1005.mp3,مستويات إدارية كلهم,2.0
clips/chunk_1006.mp3,مدرأ,0.6
clips/chunk_1007.mp3,انزين؟,0.5
clips/chunk_1008.mp3,ال first line manager بيتعامل ويا,2.7
clips/chunk_1009.mp3,الموظفين العاديين اللي مو في مناصب مدرأ okay,3.6
clips/chunk_1010.mp3,فا,0.5
clips/chunk_1011.mp3,هذا هو,0.9
clips/chunk_1012.mp3,المناجرية ال level,1.2
clips/chunk_1013.mp3,سلام؟,0.6
clips/chunk_1014.mp3,حفظ الأمثلة اللي عليهم,1.6
clips/chunk_1015.mp3,إن ال top managers,2.1
clips/chunk_1016.mp3,"CEO, CFO، تشذي",2.3
clips/chunk_1017.mp3,وإن ال middle managers أهم ال head of departments,3.2
clips/chunk_1018.mp3,رؤساء الأقسام,1.2
clips/chunk_1019.mp3,وإن ال first line manager,1.6
clips/chunk_1020.mp3,هما ال supervisor,1.2
clips/chunk_1021.mp3,حفظشنا ال responsibilities,2.3
clips/chunk_1022.mp3,okay,0.6
clips/chunk_1023.mp3,زين فابتش لي خلصنا,2.9
clips/chunk_1024.mp3,من,0.5
clips/chunk_1025.mp3,الحدث الخامس,1.6
clips/chunk_1026.mp3,نفس ما قلتلكم,1.2
clips/chunk_1027.mp3,هذا الهجف,0.9
clips/chunk_1028.mp3,جدّين مهام ركزه عليه,1.9
clips/chunk_1029.mp3,جائسيت او ال cart اللي راح,2.2
clips/chunk_1030.mp3,تمان حفظ الامثل اللي عليه وال responsibilities,2.9
clips/chunk_1031.mp3,قلنا إن ال manager يلغي لهمه ثلاثة,3.0
clips/chunk_1032.mp3,top,0.4
clips/chunk_1033.mp3,أو مجل أو first line,1.5
clips/chunk_1034.mp3,okay,0.5
clips/chunk_1035.mp3,الحين نجي الى,1.6
clips/chunk_1036.mp3,ال management skills,1.5
clips/chunk_1037.mp3,اللي هو آخر هدف,1.5
clips/chunk_1038.mp3,البنام,0.5
clips/chunk_1039.mp3,ال management skills,1.5
clips/chunk_1040.mp3,المهارات الإدارية,2.3
clips/chunk_1041.mp3,المهارات الإدارية فيها ثلاثة أشياء,2.5
clips/chunk_1042.mp3,زين عدنا فيه ثلاثة أشياء,2.1
clips/chunk_1043.mp3,s,0.3
clips/chunk_1044.mp3,نزين المهارات الإدارية,2.0
clips/chunk_1045.mp3,عندنا شنو؟,1.0
clips/chunk_1046.mp3,technical skills,1.7
clips/chunk_1047.mp3,conceptual,1.2
clips/chunk_1048.mp3,و هي يوما نسكنت,1.2
clips/chunk_1049.mp3,and zain,0.5
clips/chunk_1050.mp3,ال technical skills,2.1
clips/chunk_1051.mp3,اللهياء المهارات التخصصية,2.4
clips/chunk_1052.mp3,نزين,0.5
clips/chunk_1053.mp3,يعني ان انا,1.4
clips/chunk_1054.mp3,مثلًا دارسة,1.5
clips/chunk_1055.mp3,finance,0.8
clips/chunk_1056.mp3,و account,1.1
clips/chunk_1057.mp3,انزين؟,0.6
clips/chunk_1058.mp3,فقر يم,0.7
clips/chunk_1059.mp3,اعتبر محاسبة,1.5
clips/chunk_1060.mp3,محاسبة,0.9
clips/chunk_1061.mp3,فأعرف أسوي شنو؟,1.6
clips/chunk_1062.mp3,قوائن المالية,1.3
clips/chunk_1063.mp3,زين,0.6
clips/chunk_1064.mp3,بق,0.5
clips/chunk_1065.mp3,هذه المهارات التخصصية ان انا اعرف اسوى الاشياء اللي افت خصصي,4.2
clips/chunk_1066.mp3,okay,0.6
clips/chunk_1067.mp3,فهي شنو؟ jobs,1.3
clips/chunk_1068.mp3,specific skills,1.4
clips/chunk_1069.mp3,required to perform a particular type of work,3.5
clips/chunk_1070.mp3,okay,0.6
clips/chunk_1071.mp3,or,0.6
clips/chunk_1072.mp3,Okay,0.2
clips/chunk_1073.mp3,occupation,1.0
clips/chunk_1074.mp3,at high level,1.2
clips/chunk_1075.mp3,فهي شنو المهارات الخاصة؟,2.3
clips/chunk_1076.mp3,بالوظيفة المطلوبة لأداء نوع معين,3.1
clips/chunk_1077.mp3,من العمل,0.8
clips/chunk_1078.mp3,okay?,0.6
clips/chunk_1079.mp3,ف,0.7
clips/chunk_1080.mp3,ما يصر والله عجيب دكتور,1.6
clips/chunk_1081.mp3,و اقول يلا تسو قوة مالية,2.6
clips/chunk_1082.mp3,ما بيعرف,0.8
clips/chunk_1083.mp3,لازم أجيب,1.0
clips/chunk_1084.mp3,محاسب,0.9
clips/chunk_1085.mp3,شخص متخصص في هالشي,2.0
clips/chunk_1086.mp3,okay,0.6
clips/chunk_1087.mp3,عشار,0.6
clips/chunk_1088.mp3,اسوّي,0.7
clips/chunk_1089.mp3,هذه الوظيفة,1.0
clips/chunk_1090.mp3,come on,0.5
clips/chunk_1091.mp3,فهو job specific skills,2.2
clips/chunk_1092.mp3,okay,0.5
clips/chunk_1093.mp3,هذه ال technical,1.4
clips/chunk_1094.mp3,ف,0.7
clips/chunk_1095.mp3,لازم يكون عنده شنو؟,1.5
clips/chunk_1096.mp3,لازم يكون عنده knowledge و experience,2.6
clips/chunk_1097.mp3,فواصر بعد المحاسبة قل لي الله صار دكتور,3.2
clips/chunk_1098.mp3,لازم يكون عنده,1.3
clips/chunk_1099.mp3,am,0.8
clips/chunk_1100.mp3,خبرة,0.8
clips/chunk_1101.mp3,ولازم يكون عنده المعلومات الكافية والknowledge الكافي,4.0
clips/chunk_1102.mp3,فإنه شنو؟,1.3
clips/chunk_1103.mp3,يكون دكتور,1.0
clips/chunk_1104.mp3,Okay,0.6
clips/chunk_1105.mp3,انزين انجل الحين الى ال conceptual skills اللي هي المهارات التفكيرية,5.3
clips/chunk_1106.mp3,okay,0.6
clips/chunk_1107.mp3,اللي تخص العقل,1.3
clips/chunk_1108.mp3,نزين,0.5
clips/chunk_1109.mp3,فهي شنو؟ the ability to analyze,2.5
clips/chunk_1110.mp3,and,0.6
clips/chunk_1111.mp3,diagnose,1.0
clips/chunk_1112.mp3,a situation,1.1
clips/chunk_1113.mp3,and,0.6
clips/chunk_1114.mp3,distinguish between,1.7
clips/chunk_1115.mp3,cause and effect,1.6
clips/chunk_1116.mp3,هي القدرة على شنا؟ على التحليل,2.4
clips/chunk_1117.mp3,وتشخيص الموقف والتمييز بين شنو السبب والنتيجة,3.7
clips/chunk_1118.mp3,فمن الأمثلة عليها,1.9
clips/chunk_1119.mp3,اللي هي ال conceptual skills,1.8
clips/chunk_1120.mp3,المهارات التفكيرية,1.6
clips/chunk_1121.mp3,إن يكون عندنا thinking skills a problem solving,3.4
clips/chunk_1122.mp3,decision making,1.3
clips/chunk_1123.mp3,okay,0.6
clips/chunk_1124.mp3,إن أنا أقدر أتخذ قرارات,1.9
clips/chunk_1125.mp3,فأنا باستخدم عجلي,1.4
clips/chunk_1126.mp3,okay,0.6
clips/chunk_1127.mp3,فهذه هي المغارات التفكيرية,2.0
clips/chunk_1128.mp3,إن أنا أقدر,1.3
clips/chunk_1129.mp3,أحلل,0.8
clips/chunk_1130.mp3,وأشخص الموقف وأميز بين السبب والنتيجة,3.0
clips/chunk_1131.mp3,okay,0.6
clips/chunk_1132.mp3,ال human skills اللي هي,1.9
clips/chunk_1133.mp3,المهارات البشرية,2.1
clips/chunk_1134.mp3,انزين؟,0.6
clips/chunk_1135.mp3,uh he should know the ability to understand,3.1
clips/chunk_1136.mp3,alter lead and control,2.4
clips/chunk_1137.mp3,the behavior of other individuals and groups,3.4
clips/chunk_1138.mp3,فهي القدرة على إن أنا أفهم,2.0
clips/chunk_1139.mp3,سلوك الأفراد,1.2
clips/chunk_1140.mp3,والجماعات وتعديله وقيادته والتحكم فيه,3.2
clips/chunk_1141.mp3,فيكون عندش ال communication skills,2.6
clips/chunk_1142.mp3,و عندي مهارات تواصل,1.7
clips/chunk_1143.mp3,okay,0.5
clips/chunk_1144.mp3,فهذه المهارات لازم تكون,2.6
clips/chunk_1145.mp3,موجودة في الإدارة مهارات إدارية,2.7
clips/chunk_1146.mp3,okay,0.7
clips/chunk_1147.mp3,لما بجي أحاط,1.3
clips/chunk_1148.mp3,شخص,0.7
clips/chunk_1149.mp3,في منصب مدير,1.3
clips/chunk_1150.mp3,لازم تتوفر فيه هاي المهارات,2.2
clips/chunk_1151.mp3,لازم يكون عنده human skills,2.4
clips/chunk_1152.mp3,و conceptual skills مصر مدير,2.5
clips/chunk_1153.mp3,ما يقدر,0.9
clips/chunk_1154.mp3,ما عنده conceptual skills ما عنده,2.4
clips/chunk_1155.mp3,uhm,0.7
clips/chunk_1156.mp3,اللي هو problem solving و decision making,3.0
clips/chunk_1157.mp3,مصر مدير ما يعرف,1.6
clips/chunk_1158.mp3,ياخذ قرارات,1.3
clips/chunk_1159.mp3,حوة ولا لا,0.7
clips/chunk_1160.mp3,فهذه المهارات,2.3
clips/chunk_1161.mp3,لازم تكون,0.9
clips/chunk_1162.mp3,موجودة في شنو؟ موجود في الإدارة,2.5
clips/chunk_1163.mp3,وال technical skills,1.5
clips/chunk_1164.mp3,لازم أحط,0.9
clips/chunk_1165.mp3,كل شخص في منصبة,1.4
clips/chunk_1166.mp3,okay,0.6
clips/chunk_1167.mp3,فهي job specific skills,2.1
clips/chunk_1168.mp3,Okay required to perform a particular type,3.4
clips/chunk_1169.mp3,off work,0.7
clips/chunk_1170.mp3,سمown,0.5
clips/chunk_1171.mp3,وهذه هي ال technical,1.4
clips/chunk_1172.mp3,الي هي مهارات تخصصية,2.1
clips/chunk_1173.mp3,okay,0.6
clips/chunk_1174.mp3,فأنا بعطيك وظيفة على حسب مهارتك,3.2
clips/chunk_1175.mp3,على حسب ال knowledge مالك وعلى الحسب ال experience مالمك,3.4
clips/chunk_1176.mp3,okay هذا ال technical,1.4
clips/chunk_1177.mp3,ال conceptual هي شنو؟,1.9
clips/chunk_1178.mp3,مهارات تفكيرية,1.6
clips/chunk_1179.mp3,مهارات إن أنت والله تحتاج تستخدم عقلك,3.2
clips/chunk_1180.mp3,تحتاج تسوي analysis,2.1
clips/chunk_1181.mp3,اتحلّل,1.1
clips/chunk_1182.mp3,at,0.6
clips/chunk_1183.mp3,تتخذ قرار,1.2
clips/chunk_1184.mp3,okay,0.6
clips/chunk_1185.mp3,في thinking skills,1.6
clips/chunk_1186.mp3,هذه بالنسبة إلى المهارات التفكيرية,2.3
clips/chunk_1187.mp3,بالنسبة إلى ال human skills,2.5
clips/chunk_1188.mp3,إن لازم,1.1
clips/chunk_1189.mp3,uh,0.9
clips/chunk_1190.mp3,اكون شنوم؟,0.9
clips/chunk_1191.mp3,بيعدنا communication skills إن أنا,2.7
clips/chunk_1192.mp3,أقدر,0.7
clips/chunk_1193.mp3,ك,0.8
clips/chunk_1194.mp3,Ahh,0.9
clips/chunk_1195.mp3,ادارة يعني,1.3
clips/chunk_1196.mp3,أقدر إن أنا أتعامل ويا ال individuals,3.2
clips/chunk_1197.mp3,أقدر أتعامل ويا ال groups,1.8
clips/chunk_1198.mp3,إن أنا أستوعبهم وأفهمهم,2.4
clips/chunk_1199.mp3,وأقودهم إلى,1.3
clips/chunk_1200.mp3,الش الصح؟,0.8
clips/chunk_1201.mp3,فأقدر أتحكم في الشي,1.7
clips/chunk_1202.mp3,فهذه المهام,1.2
clips/chunk_1203.mp3,أو المهارات,1.2
clips/chunk_1204.mp3,اللي لازم تكون موجودة في الإدارة,2.3
clips/chunk_1205.mp3,ال technical,0.8
clips/chunk_1206.mp3,و conceptual,1.1
clips/chunk_1207.mp3,وحيوماً,0.8
clips/chunk_1208.mp3,okay,0.5
clips/chunk_1209.mp3,نزين فهنية,1.4
clips/chunk_1210.mp3,شنو عدنا؟ يقولكام ايه ان ال top manager,3.3
clips/chunk_1211.mp3,شنو لازم يكون نتوفر عنده اكثر شي اكتر مهارة؟,3.8
clips/chunk_1212.mp3,لازم تكون موجودة في ال top manager هي شنو؟,3.2
clips/chunk_1213.mp3,ال concept وال skills,1.7
clips/chunk_1214.mp3,ال conceptual skills هي شنو المهارات التفكيرية؟,3.4
clips/chunk_1215.mp3,لازم ال top manager,1.7
clips/chunk_1216.mp3,يقدر ياخذ قرار,1.6
clips/chunk_1217.mp3,يقدر يحلل,1.2
clips/chunk_1218.mp3,okay,0.7
clips/chunk_1219.mp3,لازم يكون عنده problem solving,1.9
clips/chunk_1220.mp3,فهذا اهم شي لازم يكون عند,2.0
clips/chunk_1221.mp3,موجودة,0.8
clips/chunk_1222.mp3,موجودة عند ال top manager,1.6
clips/chunk_1223.mp3,الهو شنو ال conceptual skills؟,2.2
clips/chunk_1224.mp3,ال middle manager لازم يكون عنده شنو human skills,3.7
clips/chunk_1225.mp3,لأن ال middle manager بيتعامل ويه هذا وبيتبع أرشاداته,3.5
clips/chunk_1226.mp3,يتعامل ويت top بيتبع عرشاناتها,2.1
clips/chunk_1227.mp3,وبيتعامل ويا ال lawer,1.5
clips/chunk_1228.mp3,ان زين؟ فلازم يكون عنده human skills,2.6
clips/chunk_1229.mp3,لازم,0.7
clips/chunk_1230.mp3,يعرف يتواصل,1.5
clips/chunk_1231.mp3,ويستوعب,1.6
clips/chunk_1232.mp3,اللي يقول ال top manager,1.8
clips/chunk_1233.mp3,ويقود ال lower manager فلازم يكون عندش انا اكثر شي human skills,5.5
clips/chunk_1234.mp3,okay,0.6
clips/chunk_1235.mp3,ال lower,0.9
clips/chunk_1236.mp3,ال lower level,1.2
clips/chunk_1237.mp3,manager أو ال first line,2.6
clips/chunk_1238.mp3,لازم شن يكون عندهم؟,1.4
clips/chunk_1239.mp3,technical skills,1.6
clips/chunk_1240.mp3,ال technical skills,1.4
clips/chunk_1241.mp3,هي شنو؟,0.8
clips/chunk_1242.mp3,المهارات التخصصية,1.8
clips/chunk_1243.mp3,لازم يكون عندهم knowledge و experience okay,3.1
clips/chunk_1244.mp3,فاحطهم في ال first line,1.5
clips/chunk_1245.mp3,تمام؟,0.5
clips/chunk_1246.mp3,عدنا هذا التعريف آخر شي,2.4
clips/chunk_1247.mp3,اللهو ال core,1.4
clips/chunk_1248.mp3,competency,0.9
clips/chunk_1249.mp3,اللي هي الكفاءة الأساسية,1.8
clips/chunk_1250.mp3,شنو يقول التعريف specific set of departmental skills؟,4.7
clips/chunk_1251.mp3,abilities,1.0
clips/chunk_1252.mp3,knowledge and experience,1.8
clips/chunk_1253.mp3,that allows one organization,2.6
clips/chunk_1254.mp3,to,0.4
clips/chunk_1255.mp3,how to perform,1.1
clips/chunk_1256.mp3,its competitors,1.3
clips/chunk_1257.mp3,Skills for a competitive advantage,2.9
clips/chunk_1258.mp3,فهذه ال core competency هي شنو؟,2.8
clips/chunk_1259.mp3,في مجموعة محددة,1.9
clips/chunk_1260.mp3,من المهارات والقدرات والمعرفة,2.7
clips/chunk_1261.mp3,والخبرة الإدارية اللي تسمح إلى منظمة وحدة بالتفوق على منافسيها,5.5
clips/chunk_1262.mp3,فهذه هي ال competitive advantage يعني,3.0
clips/chunk_1263.mp3,الميزة التنافسية يعني انا شو نيميزنا عن غيري؟,3.2
clips/chunk_1264.mp3,okay,0.6
clips/chunk_1265.mp3,فاد التعريف يعني,1.4
clips/chunk_1266.mp3,حفظوا,0.8
clips/chunk_1267.mp3,okay,0.7
clips/chunk_1268.mp3,وبس ابتدي احنا خلصنا ال chapter,3.2
clips/chunk_1269.mp3,فاخنت بس المرعة ال chapter,2.3
clips/chunk_1270.mp3,بشكل سريع,1.1
clips/chunk_1271.mp3,uhm,0.8
clips/chunk_1272.mp3,هني خلجه الاعداف,1.8
clips/chunk_1273.mp3,خلصنا أخر شي,1.2
clips/chunk_1274.mp3,بقى؟,0.4
clips/chunk_1275.mp3,أبيكم تعرفون في ال organizational resources؟,4.1
clips/chunk_1276.mp3,تعرفونهم؟,0.9
clips/chunk_1277.mp3,إن شنو هي الموارد؟ لازم تعرفونهم,3.4
clips/chunk_1278.mp3,له يوماً,0.9
clips/chunk_1279.mp3,و ال financial,1.3
clips/chunk_1280.mp3,و ال information,1.4
clips/chunk_1281.mp3,وال physical,0.9
clips/chunk_1282.mp3,Okay أبيكم تعرفونهم هم وتعارفهم,2.8
clips/chunk_1283.mp3,فلو سألكم,1.0
clips/chunk_1284.mp3,شنو هي ال organizational resources؟,2.0
clips/chunk_1285.mp3,تعرفون شنو؟,1.1
clips/chunk_1286.mp3,هما,0.6
clips/chunk_1287.mp3,تعرفون شن تعارفهم؟,1.4
clips/chunk_1288.mp3,and zain,0.6
clips/chunk_1289.mp3,أو بعد أبيكم تعرفون,2.1
clips/chunk_1290.mp3,ال,0.5
clips/chunk_1291.mp3,ال management task,1.8
clips/chunk_1292.mp3,okay,0.6
clips/chunk_1293.mp3,أو ال management function قلنا عنهم المهمات أو المهام,4.4
clips/chunk_1294.mp3,اللي لازم يتسوّونها,1.4
clips/chunk_1295.mp3,A,0.7
clips/chunk_1296.mp3,أو لازم نسوّها المدير,1.7
clips/chunk_1297.mp3,زين فشنو لازم يسوي؟,1.7
clips/chunk_1298.mp3,planning,0.7
clips/chunk_1299.mp3,organizing,1.0
clips/chunk_1300.mp3,leading and,1.2
clips/chunk_1301.mp3,controlling,0.8
clips/chunk_1302.mp3,okay,0.6
clips/chunk_1303.mp3,كنت شالق فعرفوهم هم وتعارفهم,3.1
clips/chunk_1304.mp3,انزين,0.8
clips/chunk_1305.mp3,وبعد,0.9
clips/chunk_1306.mp3,قلنا شنا مهم؟,1.8
clips/chunk_1307.mp3,ال managerial level,1.4
clips/chunk_1308.mp3,مهم، مهم、 مهم، мهم إنكم تعرفون الطبقات إنهما top,4.5
clips/chunk_1309.mp3,on medal,0.8
clips/chunk_1310.mp3,و first line okay كتبوها first line,2.7
clips/chunk_1311.mp3,فتعرفونها و تعرفون شنو ال responsibilities,3.3
clips/chunk_1312.mp3,ما لا اتهم,0.6
clips/chunk_1313.mp3,ضروري,0.7
clips/chunk_1314.mp3,وت,0.5
clips/chunk_1315.mp3,تعرفون بعد؟,1.1
clips/chunk_1316.mp3,أمثلة عليهم إن هذا CEO,2.1
clips/chunk_1317.mp3,وهذا ال head of departments وهذه,2.5
clips/chunk_1318.mp3,supervisor,1.1
clips/chunk_1319.mp3,okay حفظوهم,1.2
clips/chunk_1320.mp3,انزين وبعد عرفوش نوم,3.1
clips/chunk_1321.mp3,ال management skills,1.6
clips/chunk_1322.mp3,ارفوهم,0.7
clips/chunk_1323.mp3,أو حفظوهم خنقول لازم تعرفون إن في عدنا conceptual,4.3
clips/chunk_1324.mp3,وحيوماً,0.8
clips/chunk_1325.mp3,conceptual و human,1.9
clips/chunk_1326.mp3,شنو؟,0.6
clips/chunk_1327.mp3,technical,0.8
clips/chunk_1328.mp3,عرفوهم هما أو تعارفهم,1.9
clips/chunk_1329.mp3,okay,0.6
clips/chunk_1330.mp3,فهذا,0.7
clips/chunk_1331.mp3,بالنسبة إلى chapter one,1.7
clips/chunk_1332.mp3,عرفهم ها اتعارفهم okay,1.9
clips/chunk_1333.mp3,فلين؟,0.4
clips/chunk_1334.mp3,if,0.4
clips/chunk_1335.mp3,فبجذي خلصنا من chapter one,2.7
clips/chunk_1336.mp3,انشاء الله انه كان كل شي واضح,2.2
clips/chunk_1337.mp3,وأي شيء؟,0.9
clips/chunk_1338.mp3,تحسونكم شيرين فيه أو ما استوعبت هنا؟,2.6
clips/chunk_1339.mp3,سأل في ال group لا تستحون,1.8
clips/chunk_1340.mp3,وبس خلصنا chapter one,1.9
